Feature,Split,Gain
diabetesMed,97,48111.15524101257
change,64,33193.155490875244
race,216,26954.353227615356
gender,75,23310.634841442108
age,272,15448.257120609283
num_procedures,217,12653.017907619476
num_lab_procedures,560,12270.926790714264
number_diagnoses,287,12077.911057949066
number_inpatient,208,11757.11805820465
num_medications,487,11183.935317516327
time_in_hospital,300,8146.231514930725
number_outpatient,117,5001.314398765564
number_emergency,100,4698.6035079956055
