Model,Precision,Recall,F1-Score,ROC AUC
Logistic Regression,0.12874211303530675,0.4333483958427474,0.1985096253363693,0.5421152412353779
Random Forest,0.13023168908819133,0.3149570718481699,0.1842696629213483,0.5384038797796694
XGBoost,0.1329580745341615,0.30953456845910526,0.18601493550577053,0.542862921069559
LightGBM,0.13409045626618848,0.3041120650700407,0.18611725663716813,0.5463612663665836
